sequence,num_frames,basic_time_sec,gan_time_sec,fugr_post_time_sec,basic_sec_per_frame,gan_sec_per_frame,fugr_sec_per_frame
000,100,17.821930170059204,26.631542921066284,21.874784231185913,0.17821930170059205,0.26631542921066287,0.21874784231185912
001,100,22.735318660736084,25.058396339416504,19.958722829818726,0.22735318660736084,0.25058396339416505,0.19958722829818726
002,100,20.299436330795288,46.53683018684387,17.776421785354614,0.20299436330795287,0.4653683018684387,0.17776421785354615
003,100,36.207706928253174,34.05945158004761,18.714085578918457,0.36207706928253175,0.34059451580047606,0.18714085578918457
004,100,30.573814630508423,35.197304248809814,16.24951481819153,0.3057381463050842,0.35197304248809813,0.1624951481819153
