sequence,best_seq_method,best_seq_delta_psnr_vs_fugr,best_non_seq_method,best_non_seq_delta_psnr_vs_fugr
018,Lambda-0.85,0.0001388212368880204,Lambda-0.85,0.0001388212368880204
020,Lambda-0.85,0.0009678646908710675,Lambda-0.85,0.0009678646908710675
026,Lambda-0.95,2.1566193773026043e-05,Lambda-0.95,2.1566193773026043e-05
028,Lambda-1.20,0.003055765993138948,Lambda-1.20,0.003055765993138948
029,Lambda-0.85,0.0007194071021814352,Lambda-0.85,0.0007194071021814352
